<?xml version="1.0" encoding="UTF-8" ?>
<!DOCTYPE configuration
		PUBLIC "-//mybatis.org//DTD Config 3.0//EN"
		"http://mybatis.org/dtd/mybatis-3-config.dtd">

<configuration>
	<typeAliases>
      	<!--
      	通过package, 可以直接指定package的名字， mybatis会自动扫描你指定包下面的javabean,
      	并且默认设置一个别名，默认的名字为： javabean 的首字母小写的非限定类名来作为它的别名。
      	也可在javabean 加上注解@Alias 来自定义别名， 例如： @Alias(user) 
      	-->
      	<package name="com.megagao.production.ssm.domain"/>
      	<package name="com.megagao.production.ssm.domain.authority"/>
      	<package name="com.megagao.production.ssm.domain.vo"/>
  	</typeAliases>
  	
  	<!-- 配置分页插件 -->
	<plugins>
		<plugin interceptor="com.github.pagehelper.PageHelper">
			<!-- 设置数据库类型 Oracle,Mysql,MariaDB,SQLite,Hsqldb,PostgreSQL六种数据库-->        
        	<property name="dialect" value="mysql"/>
		</plugin>
	</plugins>
</configuration>