<?xml version="1.0" encoding="UTF-8" ?>
<!DOCTYPE mapper PUBLIC "-//mybatis.org//DTD Mapper 3.0//EN" "http://mybatis.org/dtd/mybatis-3-mapper.dtd" >
<mapper namespace="com.megagao.production.ssm.mapper.ProcessMapper" >
  <resultMap id="BaseResultMap" type="com.megagao.production.ssm.domain.Process" >
    <id column="process_id" property="processId" jdbcType="VARCHAR" />
    <result column="technology_plan_id" property="technologyPlanId" jdbcType="VARCHAR" />
    <result column="sequence" property="sequence" jdbcType="INTEGER" />
    <result column="quota" property="quota" jdbcType="INTEGER" />
  </resultMap>
  
  <!-- 扩展的sql -->
  <!-- 批量删除 -->
	<delete id="deleteBatch">
		DELETE
		FROM
			process
		WHERE
			process_id IN
		<foreach collection="array" item="id" open="(" close=")" separator=",">
			#{id}
		</foreach>
	</delete>
	
	<select id="searchProcessByProcessId" parameterType="string" resultMap="BaseResultMap">
		SELECT
			*
		FROM
			process
		WHERE
			process_id LIKE CONCAT(
				'%',
				#{processId},'%' ) 
	</select>
	
	<select id="searchProcessByTechnologyPlanId" parameterType="string" resultMap="BaseResultMap">
		SELECT
			*
		FROM
			process
		WHERE
			technology_plan_id LIKE CONCAT(
				'%',
				#{technologyPlanId},'%' ) 
	</select>
  
  
  <sql id="Example_Where_Clause" >
    <where >
      <foreach collection="oredCriteria" item="criteria" separator="or" >
        <if test="criteria.valid" >
          <trim prefix="(" suffix=")" prefixOverrides="and" >
            <foreach collection="criteria.criteria" item="criterion" >
              <choose >
                <when test="criterion.noValue" >
                  and ${criterion.condition}
                </when>
                <when test="criterion.singleValue" >
                  and ${criterion.condition} #{criterion.value}
                </when>
                <when test="criterion.betweenValue" >
                  and ${criterion.condition} #{criterion.value} and #{criterion.secondValue}
                </when>
                <when test="criterion.listValue" >
                  and ${criterion.condition}
                  <foreach collection="criterion.value" item="listItem" open="(" close=")" separator="," >
                    #{listItem}
                  </foreach>
                </when>
              </choose>
            </foreach>
          </trim>
        </if>
      </foreach>
    </where>
  </sql>
  <sql id="Update_By_Example_Where_Clause" >
    <where >
      <foreach collection="example.oredCriteria" item="criteria" separator="or" >
        <if test="criteria.valid" >
          <trim prefix="(" suffix=")" prefixOverrides="and" >
            <foreach collection="criteria.criteria" item="criterion" >
              <choose >
                <when test="criterion.noValue" >
                  and ${criterion.condition}
                </when>
                <when test="criterion.singleValue" >
                  and ${criterion.condition} #{criterion.value}
                </when>
                <when test="criterion.betweenValue" >
                  and ${criterion.condition} #{criterion.value} and #{criterion.secondValue}
                </when>
                <when test="criterion.listValue" >
                  and ${criterion.condition}
                  <foreach collection="criterion.value" item="listItem" open="(" close=")" separator="," >
                    #{listItem}
                  </foreach>
                </when>
              </choose>
            </foreach>
          </trim>
        </if>
      </foreach>
    </where>
  </sql>
  <sql id="Base_Column_List" >
    process_id, technology_plan_id, sequence, quota
  </sql>
  <select id="selectByExample" resultMap="BaseResultMap" parameterType="com.megagao.production.ssm.domain.ProcessExample" >
    select
    <if test="distinct" >
      distinct
    </if>
    <include refid="Base_Column_List" />
    from process
    <if test="_parameter != null" >
      <include refid="Example_Where_Clause" />
    </if>
    <if test="orderByClause != null" >
      order by ${orderByClause}
    </if>
  </select>
  <select id="selectByPrimaryKey" resultMap="BaseResultMap" parameterType="java.lang.String" >
    select 
    <include refid="Base_Column_List" />
    from process
    where process_id = #{processId,jdbcType=VARCHAR}
  </select>
  <delete id="deleteByPrimaryKey" parameterType="java.lang.String" >
    delete from process
    where process_id = #{processId,jdbcType=VARCHAR}
  </delete>
  <delete id="deleteByExample" parameterType="com.megagao.production.ssm.domain.ProcessExample" >
    delete from process
    <if test="_parameter != null" >
      <include refid="Example_Where_Clause" />
    </if>
  </delete>
  <insert id="insert" parameterType="com.megagao.production.ssm.domain.Process" >
    insert into process (process_id, technology_plan_id, sequence, 
      quota)
    values (#{processId,jdbcType=VARCHAR}, #{technologyPlanId,jdbcType=VARCHAR}, #{sequence,jdbcType=INTEGER}, 
      #{quota,jdbcType=INTEGER})
  </insert>
  <insert id="insertSelective" parameterType="com.megagao.production.ssm.domain.Process" >
    insert into process
    <trim prefix="(" suffix=")" suffixOverrides="," >
      <if test="processId != null" >
        process_id,
      </if>
      <if test="technologyPlanId != null" >
        technology_plan_id,
      </if>
      <if test="sequence != null" >
        sequence,
      </if>
      <if test="quota != null" >
        quota,
      </if>
    </trim>
    <trim prefix="values (" suffix=")" suffixOverrides="," >
      <if test="processId != null" >
        #{processId,jdbcType=VARCHAR},
      </if>
      <if test="technologyPlanId != null" >
        #{technologyPlanId,jdbcType=VARCHAR},
      </if>
      <if test="sequence != null" >
        #{sequence,jdbcType=INTEGER},
      </if>
      <if test="quota != null" >
        #{quota,jdbcType=INTEGER},
      </if>
    </trim>
  </insert>
  <select id="countByExample" parameterType="com.megagao.production.ssm.domain.ProcessExample" resultType="java.lang.Integer" >
    select count(*) from process
    <if test="_parameter != null" >
      <include refid="Example_Where_Clause" />
    </if>
  </select>
  <update id="updateByExampleSelective" parameterType="map" >
    update process
    <set >
      <if test="record.processId != null" >
        process_id = #{record.processId,jdbcType=VARCHAR},
      </if>
      <if test="record.technologyPlanId != null" >
        technology_plan_id = #{record.technologyPlanId,jdbcType=VARCHAR},
      </if>
      <if test="record.sequence != null" >
        sequence = #{record.sequence,jdbcType=INTEGER},
      </if>
      <if test="record.quota != null" >
        quota = #{record.quota,jdbcType=INTEGER},
      </if>
    </set>
    <if test="_parameter != null" >
      <include refid="Update_By_Example_Where_Clause" />
    </if>
  </update>
  <update id="updateByExample" parameterType="map" >
    update process
    set process_id = #{record.processId,jdbcType=VARCHAR},
      technology_plan_id = #{record.technologyPlanId,jdbcType=VARCHAR},
      sequence = #{record.sequence,jdbcType=INTEGER},
      quota = #{record.quota,jdbcType=INTEGER}
    <if test="_parameter != null" >
      <include refid="Update_By_Example_Where_Clause" />
    </if>
  </update>
  <update id="updateByPrimaryKeySelective" parameterType="com.megagao.production.ssm.domain.Process" >
    update process
    <set >
      <if test="technologyPlanId != null" >
        technology_plan_id = #{technologyPlanId,jdbcType=VARCHAR},
      </if>
      <if test="sequence != null" >
        sequence = #{sequence,jdbcType=INTEGER},
      </if>
      <if test="quota != null" >
        quota = #{quota,jdbcType=INTEGER},
      </if>
    </set>
    where process_id = #{processId,jdbcType=VARCHAR}
  </update>
  <update id="updateByPrimaryKey" parameterType="com.megagao.production.ssm.domain.Process" >
    update process
    set technology_plan_id = #{technologyPlanId,jdbcType=VARCHAR},
      sequence = #{sequence,jdbcType=INTEGER},
      quota = #{quota,jdbcType=INTEGER}
    where process_id = #{processId,jdbcType=VARCHAR}
  </update>
</mapper>